date,Mkt,SMB,HML,UMD,RF
1927-01-01,0.19,-0.56,4.83,0.44,0.25
1927-02-01,4.4399999999999995,-0.1,3.17,-1.32,0.26
1927-03-01,0.43,-1.6,-2.67,3.59,0.3
1927-04-01,0.71,0.43,0.6,4.17,0.25
1927-05-01,5.74,1.41,4.93,2.96,0.3
1927-06-01,-2.08,0.47,-1.53,0.53,0.26
1927-07-01,7.56,-3.23,-1.16,4.29,0.3
1927-08-01,2.25,-0.72,-3.69,1.14,0.28
1927-09-01,4.97,-3.57,-0.71,1.89,0.21
1927-10-01,-4.06,2.13,-4.33,-1.08,0.25
1927-11-01,6.79,2.76,-0.31,-0.67,0.21
1927-12-01,2.31,0.93,-1.06,3.15,0.22
1928-01-01,-0.43000000000000005,4.25,-0.72,-0.6,0.25
1928-02-01,-1.3699999999999999,-2.03,-0.69,-1.09,0.33
1928-03-01,9.1,-0.26,-1.2,4.87,0.29
1928-04-01,4.45,3.82,3.67,-5.65,0.22
1928-05-01,1.84,2.98,-3.46,2.85,0.32
1928-06-01,-4.54,-3.5,-0.06,2.05,0.31
1928-07-01,0.94,-1.35,-0.47,2.82,0.32
1928-08-01,7.0,-2.07,-2.11,3.69,0.32
1928-09-01,3.15,2.33,0.99,3.64,0.27
1928-10-01,1.74,2.27,-2.26,5.05,0.41
1928-11-01,12.190000000000001,-1.81,2.8,2.12,0.38
1928-12-01,0.42,-0.85,-0.6,1.78,0.06
1929-01-01,5.0,-3.54,-1.21,2.43,0.34
1929-02-01,0.019999999999999962,-0.39,1.68,3.08,0.36
1929-03-01,-0.55,-4.74,1.61,-0.7,0.34
1929-04-01,1.79,-1.0,0.6,1.89,0.36
1929-05-01,-5.949999999999999,-5.35,-1.4,-2.04,0.44
1929-06-01,10.219999999999999,-2.17,-2.76,8.79,0.52
1929-07-01,4.79,-3.88,2.66,2.95,0.33
1929-08-01,8.58,-9.52,0.06,4.67,0.4
1929-09-01,-5.12,1.17,-0.63,3.04,0.35
1929-10-01,-19.66,-4.08,7.85,4.09,0.46
1929-11-01,-12.370000000000001,-1.9,5.33,-2.02,0.37
1929-12-01,1.7000000000000002,-4.33,-0.59,5.15,0.37
1930-01-01,5.75,3.54,-1.01,-5.04,0.14
1930-02-01,2.8,0.13,0.39,0.62,0.3
1930-03-01,7.449999999999999,3.43,0.15,-4.27,0.35
1930-04-01,-1.85,-0.2,-0.84,3.98,0.21
1930-05-01,-1.4,-2.04,-0.63,-0.01,0.26
1930-06-01,-16.0,-3.24,2.0,6.61,0.27
1930-07-01,4.32,-0.37,-1.56,-2.11,0.2
1930-08-01,0.39,-2.22,-0.78,3.92,0.09
1930-09-01,-12.53,-2.22,-5.27,11.51,0.22
1930-10-01,-8.69,-0.1,-1.35,6.89,0.09
1930-11-01,-2.91,2.21,-3.53,-1.18,0.13
1930-12-01,-7.69,-4.67,-5.4,13.27,0.14
1931-01-01,6.390000000000001,3.77,7.16,-10.82,0.15
1931-02-01,10.92,3.38,1.61,-14.37,0.04
1931-03-01,-6.3,3.07,-3.66,9.46,0.13
1931-04-01,-9.9,-4.62,-3.94,11.59,0.08
1931-05-01,-13.15,5.17,-6.58,9.1,0.09
1931-06-01,13.98,-5.38,11.31,-17.81,0.08
1931-07-01,-6.5600000000000005,1.43,-2.1,8.08,0.06
1931-08-01,0.43999999999999995,-1.97,-1.49,-3.52,0.03
1931-09-01,-29.099999999999998,0.56,-6.75,10.23,0.03
1931-10-01,8.139999999999999,-1.87,1.7,3.2,0.1
1931-11-01,-8.91,4.3,-5.05,7.69,0.17
1931-12-01,-13.41,-0.56,-8.86,14.22,0.12
1932-01-01,-1.35,3.94,9.04,-10.37,0.23
1932-02-01,5.69,-2.77,-1.45,1.62,0.23
1932-03-01,-11.05,2.27,-2.32,10.33,0.16
1932-04-01,-17.85,1.44,1.42,6.95,0.11
1932-05-01,-20.450000000000003,3.91,-2.99,12.2,0.06
1932-06-01,-0.6799999999999999,0.34,5.3,2.1,0.02
1932-07-01,33.870000000000005,-4.44,35.46,-43.94,0.03
1932-08-01,37.09,14.29,33.03,-52.27,0.03
1932-09-01,-2.91,-2.44,-6.82,2.44,0.03
1932-10-01,-13.15,-2.76,-10.05,4.29,0.02
1932-11-01,-5.86,2.08,-13.28,-2.07,0.02
1932-12-01,4.41,-8.27,-8.17,5.26,0.01
1933-01-01,1.26,0.69,6.23,-1.5,0.01
1933-02-01,-15.27,-2.75,-2.73,4.17,-0.03
1933-03-01,3.33,3.9,7.38,2.21,0.04
1933-04-01,38.95,4.56,17.43,-15.95,0.1
1933-05-01,21.47,36.7,19.03,-3.91,0.04
1933-06-01,13.129999999999999,8.56,-2.05,3.38,0.02
1933-07-01,-9.610000000000001,-1.01,3.27,0.39,0.02
1933-08-01,12.08,-5.45,2.96,7.55,0.03
1933-09-01,-10.63,-0.32,-11.77,1.65,0.02
1933-10-01,-8.35,-0.08,-8.46,-2.4,0.01
1933-11-01,9.99,-6.48,2.33,6.43,0.02
1933-12-01,1.85,0.66,-1.53,4.06,0.02
1934-01-01,12.65,12.53,15.54,-3.37,0.05
1934-02-01,-2.48,5.19,2.12,-0.35,0.02
1934-03-01,0.11,2.51,-2.73,-0.69,0.02
1934-04-01,-1.78,2.8,-3.75,-5.12,0.01
1934-05-01,-7.24,-0.26,-5.91,-2.7,0.01
1934-06-01,2.65,-2.14,-2.92,-0.9,0.01
1934-07-01,-10.950000000000001,-6.92,-10.64,8.63,0.01
1934-08-01,5.59,5.39,0.45,2.41,0.01
1934-09-01,-0.22,-1.5,-1.22,0.03,0.01
1934-10-01,-1.65,1.25,-5.11,7.04,0.01
1934-11-01,8.34,6.5,-2.24,4.14,0.01
1934-12-01,0.37,3.06,-3.2,4.66,0.01
1935-01-01,-3.4400000000000004,1.1,-1.86,3.61,0.01
1935-02-01,-1.92,0.41,-7.27,13.85,0.02
1935-03-01,-3.6700000000000004,-3.57,-5.1,2.86,0.01
1935-04-01,9.07,-1.51,4.35,-4.72,0.01
1935-05-01,3.48,-3.38,2.56,-3.62,0.01
1935-06-01,5.9399999999999995,-2.51,-1.65,2.06,0.01
1935-07-01,7.52,1.47,6.86,-4.21,0.01
1935-08-01,2.6599999999999997,6.28,5.7,-7.69,0.01
1935-09-01,2.6399999999999997,1.57,-4.05,8.93,0.01
1935-10-01,7.04,2.64,-2.33,2.09,0.01
1935-11-01,4.8999999999999995,4.28,11.91,-5.91,0.02
1935-12-01,4.569999999999999,0.23,1.07,3.75,0.01
1936-01-01,6.8999999999999995,5.14,10.51,-3.36,0.01
1936-02-01,2.5,1.14,5.04,2.51,0.01
1936-03-01,1.01,0.65,-1.66,1.79,0.02
1936-04-01,-8.120000000000001,-6.04,-2.08,-7.88,0.02
1936-05-01,5.21,0.83,2.63,2.44,0.02
1936-06-01,2.4299999999999997,-3.26,-1.2,0.46,0.03
1936-07-01,6.68,1.14,2.56,3.0,0.01
1936-08-01,1.01,0.72,3.99,0.56,0.02
1936-09-01,0.99,3.07,0.88,1.26,0.01
1936-10-01,7.14,-2.39,2.52,1.04,0.02
1936-11-01,3.28,9.01,-0.92,2.18,0.01
1936-12-01,0.21,3.61,3.96,2.11,0.0
1937-01-01,3.36,4.31,2.61,-1.85,0.01
1937-02-01,1.11,1.23,5.05,2.98,0.02
1937-03-01,-0.26,-1.78,6.39,2.81,0.01
1937-04-01,-7.33,-3.77,-3.61,-3.71,0.03
1937-05-01,-0.77,-0.66,-3.49,0.51,0.06
1937-06-01,-4.18,-3.65,-3.21,0.68,0.03
1937-07-01,8.94,0.85,0.82,-0.4,0.03
1937-08-01,-4.840000000000001,0.42,-2.25,-1.79,0.02
1937-09-01,-13.57,-6.89,-4.57,-7.14,0.04
1937-10-01,-9.59,0.45,-1.62,-1.56,0.02
1937-11-01,-8.290000000000001,-3.65,0.2,-0.97,0.02
1937-12-01,-4.24,-7.76,-0.39,4.7,0.0
1938-01-01,0.49,4.97,-1.6,-1.44,0.0
1938-02-01,5.84,0.35,-2.02,-3.08,0.0
1938-03-01,-23.830000000000002,-4.24,-3.52,15.75,-0.01
1938-04-01,14.52,6.37,0.18,-8.88,0.01
1938-05-01,-3.83,-2.47,-0.28,7.13,0.0
1938-06-01,23.87,4.05,0.3,-24.86,0.0
1938-07-01,7.33,6.66,2.18,-6.44,-0.01
1938-08-01,-2.67,-2.44,-4.72,3.95,0.0
1938-09-01,0.8300000000000001,-2.72,-1.62,2.53,0.02
1938-10-01,7.81,5.83,5.01,-7.7,0.01
1938-11-01,-1.78,-2.56,-1.23,3.13,-0.06
1938-12-01,4.19,-1.8,0.5,2.05,0.0
1939-01-01,-5.97,-1.56,-3.92,-3.05,-0.01
1939-02-01,3.5199999999999996,0.63,2.95,3.25,0.01
1939-03-01,-12.0,-4.76,-8.29,-1.48,-0.01
1939-04-01,-0.18,1.66,-0.3,2.7,0.0
1939-05-01,6.81,2.81,0.47,3.56,0.01
1939-06-01,-5.3,-1.02,-5.41,1.96,0.01
1939-07-01,10.24,4.32,-0.03,-0.58,0.0
1939-08-01,-6.6899999999999995,-4.61,-2.42,5.84,-0.01
1939-09-01,16.89,20.23,22.22,-30.35,0.01
1939-10-01,-0.53,-0.01,-4.89,6.46,0.0
1939-11-01,-3.62,-5.07,-6.46,-0.22,0.0
1939-12-01,3.03,0.79,-4.06,5.4,0.0
1940-01-01,-2.41,0.24,-0.77,1.74,0.0
1940-02-01,1.44,2.51,-0.32,1.81,0.0
1940-03-01,2.05,1.25,-1.27,-0.36,0.0
1940-04-01,0.22,3.92,-0.13,3.33,0.0
1940-05-01,-21.97,-6.66,-3.69,2.86,-0.02
1940-06-01,6.67,-2.13,4.63,-2.14,0.0
1940-07-01,3.17,1.01,-0.74,0.85,0.01
1940-08-01,2.18,-0.11,0.56,-1.61,-0.01
1940-09-01,2.39,3.22,-1.13,-0.26,0.0
1940-10-01,3.02,0.28,4.64,-6.53,0.0
1940-11-01,-1.61,1.94,0.12,1.33,0.0
1940-12-01,0.69,-2.15,-0.89,3.46,0.0
1941-01-01,-4.18,1.0,3.83,-4.72,-0.01
1941-02-01,-1.44,-1.57,0.89,0.91,-0.01
1941-03-01,0.85,0.1,3.04,2.43,0.01
1941-04-01,-5.47,-1.69,3.41,3.03,-0.01
1941-05-01,1.39,-0.66,0.6,2.46,0.0
1941-06-01,5.83,1.32,0.59,-0.64,0.0
1941-07-01,5.9,5.7,7.25,-1.75,0.03
1941-08-01,-0.16,-0.41,-1.1,0.17,0.01
1941-09-01,-0.86,-0.99,-0.28,-1.57,0.01
1941-10-01,-5.25,-2.02,1.63,4.74,0.0
1941-11-01,-1.92,-1.21,-0.64,4.04,0.0
1941-12-01,-4.86,-2.98,-5.94,0.28,0.01
1942-01-01,0.81,7.52,10.1,-3.58,0.02
1942-02-01,-2.45,1.72,-1.13,-0.71,0.01
1942-03-01,-6.57,1.78,-0.62,-0.21,0.01
1942-04-01,-4.36,-0.6,2.09,-0.79,0.01
1942-05-01,5.970000000000001,-3.05,-2.65,-4.71,0.03
1942-06-01,2.71,-1.22,0.54,-1.32,0.02
1942-07-01,3.5399999999999996,-0.16,2.4,0.77,0.03
1942-08-01,1.83,-0.09,1.33,-0.13,0.03
1942-09-01,2.6399999999999997,0.66,2.39,-0.64,0.03
1942-10-01,6.8500000000000005,1.82,6.47,-4.01,0.03
1942-11-01,0.18,-1.54,-4.24,-0.97,0.03
1942-12-01,5.15,-2.49,0.56,3.06,0.03
1943-01-01,7.16,8.78,8.23,-0.36,0.03
1943-02-01,6.180000000000001,4.84,6.51,-1.46,0.03
1943-03-01,6.04,5.03,5.48,4.74,0.03
1943-04-01,0.8400000000000001,2.06,5.86,6.18,0.03
1943-05-01,5.7700000000000005,4.41,3.28,5.61,0.03
1943-06-01,1.85,-1.06,-0.74,-1.3,0.03
1943-07-01,-4.739999999999999,-2.41,-2.27,-4.59,0.03
1943-08-01,1.33,-0.62,-0.47,0.71,0.03
1943-09-01,2.4299999999999997,1.28,1.43,1.78,0.03
1943-10-01,-1.1199999999999999,0.58,1.65,-0.53,0.03
1943-11-01,-5.88,-1.64,-4.04,-4.72,0.03
1943-12-01,6.390000000000001,3.34,3.22,5.99,0.03
1944-01-01,1.77,2.56,2.17,0.97,0.03
1944-02-01,0.4,-0.1,0.83,0.34,0.03
1944-03-01,2.48,1.71,3.43,2.61,0.02
1944-04-01,-1.66,-1.35,-1.13,0.52,0.03
1944-05-01,5.1000000000000005,1.67,1.02,2.07,0.03
1944-06-01,5.5200000000000005,4.04,1.82,-5.22,0.03
1944-07-01,-1.46,0.55,-0.43,0.19,0.03
1944-08-01,1.6,2.41,-1.63,4.68,0.03
1944-09-01,0.03,0.47,-1.21,-1.08,0.02
1944-10-01,0.19,-0.14,-0.34,-1.24,0.03
1944-11-01,1.74,0.37,2.31,1.28,0.03
1944-12-01,4.05,2.24,5.91,3.36,0.02
1945-01-01,2.0399999999999996,2.44,0.71,0.04,0.03
1945-02-01,6.25,1.56,4.4,3.03,0.02
1945-03-01,-3.87,-1.61,-1.78,-3.28,0.02
1945-04-01,7.83,0.32,3.21,4.79,0.03
1945-05-01,1.76,1.51,0.35,0.11,0.03
1945-06-01,0.41000000000000003,3.1,4.32,4.11,0.02
1945-07-01,-2.14,-1.46,-2.71,-2.62,0.03
1945-08-01,6.23,1.61,-4.4,-1.4,0.03
1945-09-01,4.8,1.71,0.48,1.4,0.03
1945-10-01,3.92,2.46,2.25,0.25,0.03
1945-11-01,5.409999999999999,4.16,4.34,4.25,0.02
1945-12-01,1.23,2.12,-2.32,1.23,0.03
1946-01-01,6.2700000000000005,4.02,2.21,3.76,0.03
1946-02-01,-5.8,-0.73,-1.27,-1.45,0.03
1946-03-01,5.9,0.31,-0.36,2.69,0.03
1946-04-01,4.260000000000001,2.37,0.45,3.03,0.03
1946-05-01,3.96,1.46,1.09,-0.61,0.03
1946-06-01,-3.8600000000000003,-1.53,-0.59,-2.52,0.03
1946-07-01,-2.66,-2.06,0.04,-0.1,0.03
1946-08-01,-6.41,-1.78,0.6,-0.03,0.03
1946-09-01,-10.14,-4.41,-1.96,0.74,0.03
1946-10-01,-1.41,0.09,3.44,0.97,0.03
1946-11-01,0.019999999999999997,-0.4,1.52,0.2,0.03
1946-12-01,4.99,0.06,-1.38,-0.1,0.03
1947-01-01,1.28,2.18,-0.73,-6.44,0.03
1947-02-01,-1.05,0.68,0.14,-0.49,0.03
1947-03-01,-1.64,-1.61,0.61,4.06,0.03
1947-04-01,-4.77,-3.97,0.85,5.05,0.03
1947-05-01,-0.94,-3.26,0.34,3.33,0.03
1947-06-01,5.32,-0.31,-0.6,-1.85,0.03
1947-07-01,4.17,1.43,2.82,-3.42,0.03
1947-08-01,-1.71,0.3,0.16,3.38,0.03
1947-09-01,-0.48000000000000004,1.64,1.36,-0.02,0.06
1947-10-01,2.5300000000000002,0.51,0.08,1.34,0.06
1947-11-01,-1.91,-1.74,1.06,4.23,0.06
1947-12-01,3.08,-2.48,3.69,3.6,0.08
1948-01-01,-3.8600000000000003,2.49,1.38,-4.29,0.07
1948-02-01,-4.31,-1.71,0.07,1.47,0.07
1948-03-01,8.16,0.13,4.49,-0.19,0.09
1948-04-01,3.73,-1.66,4.1,4.06,0.08
1948-05-01,7.38,0.93,-1.23,2.38,0.08
1948-06-01,-0.010000000000000009,-1.86,2.75,3.99,0.09
1948-07-01,-5.01,-0.32,0.07,-1.58,0.08
1948-08-01,0.33999999999999997,-1.1,0.27,0.23,0.09
1948-09-01,-2.93,-1.23,-1.79,-1.26,0.04
1948-10-01,6.0,-1.5,0.56,2.79,0.04
1948-11-01,-9.260000000000002,-0.62,-4.14,0.6,0.04
1948-12-01,3.3,-2.8,-1.94,4.66,0.04
1949-01-01,0.33,1.81,1.17,-2.92,0.1
1949-02-01,-2.8400000000000003,-1.89,-0.91,-0.41,0.09
1949-03-01,4.14,2.48,1.34,-0.87,0.1
1949-04-01,-1.78,-0.89,-1.18,3.06,0.09
1949-05-01,-2.84,-0.77,-2.42,3.04,0.1
1949-06-01,0.2,-0.88,-1.76,-1.28,0.1
1949-07-01,5.63,0.57,0.38,-1.54,0.09
1949-08-01,2.69,0.13,-0.57,1.7,0.09
1949-09-01,3.1799999999999997,1.05,0.23,-1.42,0.09
1949-10-01,3.23,1.03,-0.49,0.0,0.09
1949-11-01,1.9000000000000001,-0.93,-0.91,1.27,0.08
1949-12-01,5.22,2.07,1.75,-0.78,0.09
1950-01-01,1.79,3.36,0.14,-2.32,0.09
1950-02-01,1.57,0.04,-0.81,1.36,0.09
1950-03-01,1.36,-1.41,-2.77,1.54,0.1
1950-04-01,4.03,1.99,1.34,0.33,0.09
1950-05-01,4.409999999999999,-2.12,0.46,0.38,0.1
1950-06-01,-5.840000000000001,-2.38,-0.78,-1.66,0.1
1950-07-01,1.4600000000000002,0.51,13.66,-0.47,0.1
1950-08-01,4.949999999999999,0.73,-1.41,3.21,0.1
1950-09-01,4.909999999999999,0.57,-1.11,-0.13,0.1
1950-10-01,-0.06,-0.58,1.44,1.42,0.12
1950-11-01,2.8699999999999997,-0.84,3.17,3.59,0.11
1950-12-01,5.65,1.49,7.23,4.97,0.11
1951-01-01,5.83,1.73,3.72,2.0,0.13
1951-02-01,1.51,0.09,-2.83,-1.58,0.1
1951-03-01,-2.04,-0.64,-4.22,-2.95,0.11
1951-04-01,4.99,-1.49,3.28,6.02,0.13
1951-05-01,-2.2199999999999998,-0.01,-1.33,-0.93,0.12
1951-06-01,-2.5,-1.95,-3.96,-2.39,0.12
1951-07-01,7.07,-1.99,2.01,7.24,0.13
1951-08-01,4.3999999999999995,0.99,-0.16,1.0,0.13
1951-09-01,0.82,1.9,0.59,0.56,0.12
1951-10-01,-2.3699999999999997,-0.23,0.25,-0.31,0.16
1951-11-01,0.6799999999999999,-0.29,-0.06,0.63,0.11
1951-12-01,3.45,-2.25,-1.55,1.7,0.12
1952-01-01,1.5999999999999999,-0.61,1.54,1.37,0.15
1952-02-01,-2.5,0.79,-0.6,-0.75,0.12
1952-03-01,4.550000000000001,-2.99,2.16,1.65,0.11
1952-04-01,-4.85,0.48,-0.1,-2.04,0.12
1952-05-01,3.33,-1.01,0.07,0.49,0.13
1952-06-01,3.98,-1.61,1.23,1.5,0.15
1952-07-01,1.06,-0.4,-0.33,-0.52,0.15
1952-08-01,-0.61,1.15,0.07,0.31,0.15
1952-09-01,-1.8699999999999999,1.12,-1.44,1.76,0.16
1952-10-01,-0.52,-1.02,-0.54,2.75,0.14
1952-11-01,6.04,-0.72,0.99,0.44,0.1
1952-12-01,3.0900000000000003,-1.48,0.2,1.51,0.16
1953-01-01,-0.18000000000000002,3.55,1.34,0.72,0.16
1953-02-01,-0.13,2.16,-0.09,0.86,0.14
1953-03-01,-1.25,-0.18,-0.84,0.08,0.18
1953-04-01,-2.67,0.27,1.54,1.85,0.16
1953-05-01,0.6900000000000001,-0.07,0.24,0.94,0.17
1953-06-01,-1.71,-1.85,-0.51,-0.01,0.18
1953-07-01,2.55,-1.05,-0.23,-0.31,0.15
1953-08-01,-4.35,0.36,-3.54,2.21,0.17
1953-09-01,0.36,-0.85,-2.42,2.88,0.16
1953-10-01,4.7299999999999995,-1.37,-0.2,0.27,0.13
1953-11-01,2.91,-1.3,-0.16,1.95,0.08
1953-12-01,0.16,-0.85,-2.82,5.19,0.13
1954-01-01,5.24,0.47,3.49,-5.74,0.11
1954-02-01,1.74,-0.17,-0.29,1.03,0.07
1954-03-01,3.73,-0.49,-1.45,2.2,0.08
1954-04-01,4.359999999999999,-3.48,-0.37,4.98,0.09
1954-05-01,3.1399999999999997,0.39,2.46,-1.99,0.05
1954-06-01,1.1300000000000001,0.4,-0.01,3.52,0.06
1954-07-01,5.04,1.05,4.16,0.44,0.05
1954-08-01,-2.29,2.68,-1.39,-0.64,0.05
1954-09-01,6.4799999999999995,-2.55,0.69,1.54,0.09
1954-10-01,-1.5999999999999999,0.6,0.68,0.96,0.07
1954-11-01,9.440000000000001,-2.64,4.39,1.93,0.06
1954-12-01,5.5600000000000005,2.17,5.65,-1.41,0.08
1955-01-01,0.6799999999999999,0.27,2.14,1.36,0.08
1955-02-01,3.11,1.56,0.59,1.09,0.09
1955-03-01,-0.06,-0.67,1.97,1.03,0.1
1955-04-01,3.21,-1.72,0.68,0.09,0.1
1955-05-01,1.07,-0.24,-0.96,0.56,0.14
1955-06-01,6.6499999999999995,-4.61,1.84,4.66,0.1
1955-07-01,2.0,-1.16,0.34,-1.23,0.1
1955-08-01,0.37,-0.44,0.72,1.79,0.16
1955-09-01,-0.19999999999999998,0.28,-0.99,1.77,0.16
1955-10-01,-2.5,1.51,-0.16,-0.5,0.18
1955-11-01,7.2,-2.2,0.32,2.67,0.17
1955-12-01,1.67,2.12,-2.29,-1.33,0.18
1956-01-01,-2.8099999999999996,0.4,0.94,-1.48,0.22
1956-02-01,3.96,-0.98,-0.43,1.97,0.19
1956-03-01,6.79,-2.14,-0.5,3.59,0.15
1956-04-01,0.47000000000000003,0.04,-0.25,2.57,0.19
1956-05-01,-4.97,1.46,-1.31,-1.62,0.23
1956-06-01,3.68,-1.48,-1.13,2.71,0.2
1956-07-01,5.06,-1.67,-0.05,2.52,0.22
1956-08-01,-3.0100000000000002,1.9,-0.72,-0.69,0.17
1956-09-01,-4.96,1.57,1.77,-0.76,0.18
1956-10-01,0.77,-0.09,-0.06,2.46,0.25
1956-11-01,0.56,-0.22,1.77,3.41,0.2
1956-12-01,3.4000000000000004,-0.02,-2.16,3.81,0.24
1957-01-01,-3.31,3.37,2.82,-3.05,0.27
1957-02-01,-1.82,-0.72,-0.72,0.31,0.24
1957-03-01,2.36,0.27,-0.46,-0.18,0.23
1957-04-01,4.51,-1.61,-1.47,0.96,0.25
1957-05-01,3.71,-1.05,-2.1,0.44,0.26
1957-06-01,-0.5,0.55,0.03,0.77,0.24
1957-07-01,0.96,-0.77,0.42,-0.07,0.3
1957-08-01,-4.86,0.05,-0.42,0.49,0.25
1957-09-01,-5.720000000000001,0.06,0.91,0.62,0.26
1957-10-01,-4.03,-2.53,-1.83,1.94,0.29
1957-11-01,2.58,0.37,-2.89,1.24,0.28
1957-12-01,-3.67,-0.98,-1.61,7.79,0.24
1958-01-01,4.94,4.38,4.19,-7.63,0.28
1958-02-01,-1.4,0.68,0.37,3.75,0.12
1958-03-01,3.36,0.65,-0.96,-1.85,0.09
1958-04-01,3.17,-0.65,1.64,1.85,0.08
1958-05-01,2.42,2.19,-0.25,-1.82,0.11
1958-06-01,2.96,-0.19,0.4,-0.87,0.03
1958-07-01,4.46,0.52,3.04,-3.62,0.07
1958-08-01,1.95,1.17,0.36,0.28,0.04
1958-09-01,4.8500000000000005,0.13,2.85,-1.13,0.19
1958-10-01,2.71,1.11,-1.18,3.12,0.18
1958-11-01,3.1199999999999997,2.0,-1.19,1.57,0.11
1958-12-01,5.37,-2.04,-0.01,-0.65,0.22
1959-01-01,0.9199999999999999,3.01,2.96,-0.24,0.21
1959-02-01,1.14,1.51,1.1,3.4,0.19
1959-03-01,0.5,1.5,-0.38,0.13,0.22
1959-04-01,3.8600000000000003,-0.55,-1.33,3.15,0.2
1959-05-01,1.95,-2.1,1.7,1.5,0.22
1959-06-01,0.0,0.65,1.35,2.91,0.25
1959-07-01,3.42,-0.3,0.23,-0.32,0.25
1959-08-01,-1.2,-0.76,0.45,-0.95,0.19
1959-09-01,-4.49,-0.09,0.55,0.85,0.31
1959-10-01,1.58,1.45,-2.1,3.48,0.3
1959-11-01,1.86,1.24,-3.22,2.26,0.26
1959-12-01,2.79,-0.58,-0.07,0.99,0.34
1960-01-01,-6.65,2.08,2.79,-3.49,0.33
1960-02-01,1.46,0.51,-1.93,3.86,0.29
1960-03-01,-1.2799999999999998,-0.49,-2.94,1.43,0.35
1960-04-01,-1.52,0.32,-2.29,2.81,0.19
1960-05-01,3.39,1.22,-3.7,4.81,0.27
1960-06-01,2.3200000000000003,-0.22,-0.34,0.86,0.24
1960-07-01,-2.24,-0.52,2.03,-0.78,0.13
1960-08-01,3.1799999999999997,0.87,-0.18,1.92,0.17
1960-09-01,-5.83,-1.11,1.65,0.31,0.16
1960-10-01,-0.49,-4.07,2.86,1.25,0.22
1960-11-01,4.82,0.37,-2.37,3.74,0.13
1960-12-01,4.87,-1.57,-0.76,1.39,0.16
1961-01-01,6.390000000000001,0.66,3.66,-3.99,0.19
1961-02-01,3.71,3.92,-0.64,0.98,0.14
1961-03-01,3.0900000000000003,3.28,-0.7,4.51,0.2
1961-04-01,0.45999999999999996,0.05,2.15,3.52,0.17
1961-05-01,2.58,2.02,0.37,-1.56,0.18
1961-06-01,-2.88,-2.49,-0.11,0.37,0.2
1961-07-01,3.0100000000000002,-1.88,-0.09,0.24,0.18
1961-08-01,2.71,-1.75,-0.28,1.65,0.14
1961-09-01,-1.98,-1.06,-0.61,0.83,0.17
1961-10-01,2.76,-1.63,0.15,3.13,0.19
1961-11-01,4.6000000000000005,1.26,-1.23,1.34,0.15
1961-12-01,0.010000000000000009,-0.82,1.79,-2.24,0.19
1962-01-01,-3.63,1.77,5.13,-2.07,0.24
1962-02-01,2.0100000000000002,-1.15,0.82,-1.02,0.2
1962-03-01,-0.48000000000000004,0.53,-1.38,1.83,0.2
1962-04-01,-6.37,-0.71,0.03,2.89,0.22
1962-05-01,-8.41,-3.34,2.77,0.38,0.24
1962-06-01,-8.270000000000001,-0.58,2.55,6.45,0.2
1962-07-01,6.550000000000001,1.51,-3.4,0.55,0.27
1962-08-01,2.36,1.22,-1.17,-0.58,0.23
1962-09-01,-5.01,-2.45,1.26,3.95,0.21
1962-10-01,0.2,-3.97,1.3,0.75,0.25
1962-11-01,11.069999999999999,2.63,0.96,-7.17,0.2
1962-12-01,1.24,-3.81,0.35,5.88,0.23
1963-01-01,5.18,3.07,2.22,-2.1,0.25
1963-02-01,-2.15,0.5,2.17,2.52,0.23
1963-03-01,3.31,-2.6,2.07,1.56,0.23
1963-04-01,4.76,-1.31,0.99,-0.08,0.25
1963-05-01,2.0,1.12,2.53,0.37,0.24
1963-06-01,-1.77,-0.29,0.75,1.17,0.23
1963-07-01,-0.12,-0.49,-0.94,1.0,0.27
1963-08-01,5.32,-1.02,1.82,1.03,0.25
1963-09-01,-1.3,-0.31,0.17,0.16,0.27
1963-10-01,2.82,-0.57,-0.04,3.14,0.29
1963-11-01,-0.58,-1.15,1.7,-0.75,0.27
1963-12-01,2.12,-2.01,-0.06,1.7,0.29
1964-01-01,2.54,-0.18,1.53,1.06,0.3
1964-02-01,1.8,0.08,2.86,0.24,0.26
1964-03-01,1.72,0.94,3.37,0.71,0.31
1964-04-01,0.39,-1.32,-0.66,-0.6,0.29
1964-05-01,1.68,-0.94,1.99,2.54,0.26
1964-06-01,1.57,-0.27,0.72,0.45,0.3
1964-07-01,2.04,0.26,0.73,-0.38,0.3
1964-08-01,-1.16,0.11,0.07,-0.19,0.28
1964-09-01,2.9699999999999998,-0.53,1.72,-0.39,0.28
1964-10-01,0.8799999999999999,0.42,1.15,0.08,0.29
1964-11-01,0.29,0.6,-1.95,1.08,0.29
1964-12-01,0.33999999999999997,-0.26,-2.52,-0.69,0.31
1965-01-01,3.8200000000000003,2.72,0.16,-1.28,0.28
1965-02-01,0.74,3.5,0.16,0.3,0.3
1965-03-01,-0.9800000000000001,1.81,1.05,0.1,0.36
1965-04-01,3.42,1.2,0.68,2.54,0.31
1965-05-01,-0.46,0.06,-1.63,0.54,0.31
1965-06-01,-5.16,-4.36,0.56,-3.12,0.35
1965-07-01,1.74,0.87,2.18,4.1,0.31
1965-08-01,3.06,2.81,-0.96,2.58,0.33
1965-09-01,3.17,0.62,-0.09,3.37,0.31
1965-10-01,2.91,2.47,1.54,3.45,0.31
1965-11-01,0.31999999999999995,4.68,0.21,4.42,0.35
1965-12-01,1.34,2.08,1.96,0.09,0.33
1966-01-01,1.1,3.88,3.51,5.41,0.38
1966-02-01,-0.86,4.54,0.27,4.58,0.35
1966-03-01,-2.13,0.94,-2.07,1.34,0.38
1966-04-01,2.48,3.45,-0.54,6.18,0.34
1966-05-01,-5.25,-4.68,-1.57,-4.69,0.41
1966-06-01,-1.06,1.02,0.5,3.28,0.38
1966-07-01,-1.2799999999999998,-0.46,0.99,-1.39,0.35
1966-08-01,-7.5,-3.22,0.44,-2.11,0.41
1966-09-01,-0.66,-1.06,0.49,-1.73,0.4
1966-10-01,4.31,-6.62,2.86,-5.13,0.45
1966-11-01,1.7999999999999998,4.23,-4.53,5.73,0.4
1966-12-01,0.53,1.95,-1.28,1.07,0.4
1967-01-01,8.58,8.25,2.45,-6.75,0.43
1967-02-01,1.1400000000000001,3.31,-2.15,3.56,0.36
1967-03-01,4.38,1.54,0.46,1.42,0.39
1967-04-01,4.21,0.63,-2.52,0.64,0.32
1967-05-01,-4.0,1.95,0.99,0.67,0.33
1967-06-01,2.68,5.95,0.95,6.03,0.27
1967-07-01,4.89,3.02,2.8,-1.07,0.31
1967-08-01,-0.5800000000000001,0.47,1.39,-1.41,0.31
1967-09-01,3.4299999999999997,3.11,-2.48,2.55,0.32
1967-10-01,-2.6999999999999997,1.42,-3.38,3.67,0.39
1967-11-01,0.73,0.21,-1.7,1.29,0.36
1967-12-01,3.38,5.74,-0.45,3.23,0.33
1968-01-01,-3.6599999999999997,3.88,4.79,-4.64,0.4
1968-02-01,-3.36,-2.96,1.18,-3.41,0.39
1968-03-01,0.5800000000000001,-1.28,-0.62,3.18,0.38
1968-04-01,9.48,5.77,-1.14,5.15,0.43
1968-05-01,2.73,6.42,0.86,3.73,0.45
1968-06-01,1.1199999999999999,-0.18,0.68,-1.92,0.43
1968-07-01,-2.24,-1.3,5.41,-0.84,0.48
1968-08-01,1.76,2.35,1.01,1.88,0.42
1968-09-01,4.46,2.76,0.33,-0.67,0.43
1968-10-01,0.86,-0.48,2.85,-1.52,0.44
1968-11-01,5.85,2.35,-0.9,1.73,0.42
1968-12-01,-3.51,3.43,0.0,0.11,0.43
1969-01-01,-0.72,-0.77,1.66,-0.15,0.53
1969-02-01,-5.38,-3.9,0.86,-2.46,0.46
1969-03-01,3.1,-0.26,-0.52,3.95,0.46
1969-04-01,1.99,-0.87,-0.03,1.17,0.53
1969-05-01,0.38,-0.26,0.71,1.68,0.48
1969-06-01,-6.67,-5.39,-1.1,-2.23,0.51
1969-07-01,-6.47,-3.2,1.22,1.64,0.53
1969-08-01,5.18,0.93,-3.83,2.14,0.5
1969-09-01,-2.36,1.18,-3.27,2.53,0.62
1969-10-01,5.659999999999999,3.84,-3.04,-4.32,0.6
1969-11-01,-3.27,-2.54,-1.15,3.6,0.52
1969-12-01,-1.9899999999999998,-3.65,-3.0,5.05,0.64
1970-01-01,-7.5,2.91,3.15,0.63,0.6
1970-02-01,5.75,-2.41,4.02,0.12,0.62
1970-03-01,-0.4900000000000001,-2.32,4.09,-0.29,0.57
1970-04-01,-10.5,-6.09,6.21,-0.73,0.5
1970-05-01,-6.39,-4.54,3.43,-2.73,0.53
1970-06-01,-5.21,-2.14,0.6,5.78,0.58
1970-07-01,7.449999999999999,-0.55,1.01,-2.94,0.52
1970-08-01,5.0200000000000005,1.53,1.02,-6.5,0.53
1970-09-01,4.72,8.56,-5.63,-8.92,0.54
1970-10-01,-1.8199999999999998,-4.28,0.25,9.61,0.46
1970-11-01,5.06,-4.07,1.67,2.89,0.46
1970-12-01,6.14,3.0,0.86,-2.19,0.42
1971-01-01,5.22,7.37,1.33,-6.71,0.38
1971-02-01,1.74,1.86,-1.22,0.81,0.33
1971-03-01,4.43,2.5,-4.06,-1.21,0.3
1971-04-01,3.4299999999999997,-0.5,0.71,1.32,0.28
1971-05-01,-3.69,-1.11,-1.48,0.89,0.29
1971-06-01,0.27,-1.43,-1.82,2.72,0.37
1971-07-01,-4.1,-1.5,0.17,-2.37,0.4
1971-08-01,4.26,-0.18,2.56,3.51,0.47
1971-09-01,-0.48,0.43,-2.89,2.09,0.37
1971-10-01,-4.05,-1.8,-0.37,0.46,0.37
1971-11-01,-0.09000000000000002,-2.8,-1.73,1.48,0.37
1971-12-01,9.08,3.29,-0.41,-0.68,0.37
1972-01-01,2.7800000000000002,6.07,1.93,0.24,0.29
1972-02-01,3.12,1.4,-2.8,2.7,0.25
1972-03-01,0.9,-0.3,-1.68,2.91,0.27
1972-04-01,0.58,0.01,0.24,2.9,0.29
1972-05-01,1.55,-2.74,-2.73,3.18,0.3
1972-06-01,-2.14,0.34,-2.6,1.91,0.29
1972-07-01,-0.49000000000000005,-2.86,0.71,2.74,0.31
1972-08-01,3.55,-4.07,4.64,-5.35,0.29
1972-09-01,-0.7999999999999998,-2.67,0.51,1.76,0.34
1972-10-01,0.92,-2.72,1.3,0.76,0.4
1972-11-01,4.97,-1.12,4.82,-5.14,0.37
1972-12-01,0.99,-1.87,-2.24,4.98,0.37
1973-01-01,-2.85,-3.47,2.67,3.71,0.44
1973-02-01,-4.4399999999999995,-3.99,1.71,2.12,0.41
1973-03-01,-0.8400000000000001,-2.81,2.73,3.62,0.46
1973-04-01,-5.16,-3.96,5.62,6.41,0.52
1973-05-01,-2.4299999999999997,-6.13,0.25,7.09,0.51
1973-06-01,-1.05,-2.93,1.37,4.32,0.51
1973-07-01,5.6899999999999995,7.97,-5.32,-11.69,0.64
1973-08-01,-3.12,-2.12,1.32,3.42,0.7
1973-09-01,5.43,3.07,2.01,-7.03,0.68
1973-10-01,-0.17999999999999994,-0.4,2.03,6.74,0.65
1973-11-01,-12.19,-7.65,3.91,8.63,0.56
1973-12-01,1.25,-5.25,3.9,10.39,0.64
1974-01-01,0.45999999999999996,9.66,5.99,-8.82,0.63
1974-02-01,0.10999999999999999,-0.13,2.86,0.14,0.58
1974-03-01,-2.25,2.59,-0.28,-0.99,0.56
1974-04-01,-4.54,-0.71,0.95,2.0,0.75
1974-05-01,-3.9299999999999997,-3.03,-2.08,-0.26,0.75
1974-06-01,-2.23,-0.16,0.78,2.37,0.6
1974-07-01,-7.3500000000000005,0.92,5.14,3.01,0.7
1974-08-01,-8.75,-0.68,2.5,3.0,0.6
1974-09-01,-10.959999999999999,0.27,5.49,4.32,0.81
1974-10-01,16.610000000000003,-3.51,-9.99,-0.5,0.51
1974-11-01,-3.9699999999999998,-1.17,-0.16,2.18,0.54
1974-12-01,-2.75,-4.84,0.0,2.95,0.7
1975-01-01,14.24,11.01,8.44,-13.89,0.58
1975-02-01,5.989999999999999,0.16,-4.56,-0.55,0.43
1975-03-01,3.0700000000000003,3.75,2.49,-1.99,0.41
1975-04-01,4.670000000000001,-0.54,-1.11,1.34,0.44
1975-05-01,5.630000000000001,3.83,-4.02,-0.47,0.44
1975-06-01,5.24,0.76,1.32,0.06,0.41
1975-07-01,-6.109999999999999,2.69,1.7,0.42,0.48
1975-08-01,-2.37,-3.2,-0.95,-0.13,0.48
1975-09-01,-3.7299999999999995,-0.12,0.34,0.32,0.53
1975-10-01,5.869999999999999,-4.04,0.34,-0.14,0.56
1975-11-01,3.0500000000000003,-1.19,1.96,-0.45,0.41
1975-12-01,-1.12,-0.75,1.74,-0.12,0.48
1976-01-01,12.63,4.82,8.65,4.46,0.47
1976-02-01,0.66,7.03,5.85,0.36,0.34
1976-03-01,2.7199999999999998,-1.15,-0.08,0.19,0.4
1976-04-01,-1.07,-0.03,-0.14,0.5,0.42
1976-05-01,-0.9700000000000001,-1.25,-1.3,-1.1,0.37
1976-06-01,4.4799999999999995,-1.35,0.65,-0.43,0.43
1976-07-01,-0.6000000000000001,0.29,1.69,-0.12,0.47
1976-08-01,-0.14000000000000007,-2.02,0.81,-0.85,0.42
1976-09-01,2.51,0.0,-0.24,0.24,0.44
1976-10-01,-2.01,0.25,-0.15,-0.48,0.41
1976-11-01,0.76,2.32,1.51,2.9,0.4
1976-12-01,6.050000000000001,3.0,2.2,0.77,0.4
1977-01-01,-3.69,4.77,4.25,3.98,0.36
1977-02-01,-1.5899999999999999,1.08,0.52,0.35,0.35
1977-03-01,-0.9900000000000001,1.0,1.06,0.49,0.38
1977-04-01,0.53,-0.11,3.44,4.22,0.38
1977-05-01,-1.08,1.17,0.84,2.01,0.37
1977-06-01,5.11,2.14,-0.68,1.77,0.4
1977-07-01,-1.27,2.11,-0.6,0.31,0.42
1977-08-01,-1.31,1.52,-2.76,-1.78,0.44
1977-09-01,0.15999999999999998,1.45,-0.51,2.06,0.43
1977-10-01,-3.8899999999999997,1.26,1.73,-0.13,0.49
1977-11-01,4.5,3.72,0.29,2.19,0.5
1977-12-01,0.76,1.35,-0.38,1.56,0.49
1978-01-01,-5.52,2.21,3.31,-0.72,0.49
1978-02-01,-0.9199999999999999,3.59,0.71,1.9,0.46
1978-03-01,3.38,3.48,1.23,1.37,0.53
1978-04-01,8.42,0.41,-3.56,0.85,0.54
1978-05-01,2.27,4.56,-0.59,2.85,0.51
1978-06-01,-1.15,1.69,0.55,2.78,0.54
1978-07-01,5.67,0.26,-1.08,4.22,0.56
1978-08-01,4.3100000000000005,5.06,-0.57,2.82,0.56
1978-09-01,-0.8099999999999999,-0.4,1.87,-3.11,0.62
1978-10-01,-11.23,-9.88,1.4,-8.39,0.68
1978-11-01,3.41,3.01,-2.19,5.52,0.7
1978-12-01,1.6600000000000001,1.25,-2.17,3.05,0.78
1979-01-01,5.0,3.66,2.29,-1.24,0.77
1979-02-01,-2.83,0.45,1.16,-1.06,0.73
1979-03-01,6.49,3.19,-0.69,2.88,0.81
1979-04-01,0.74,2.18,1.0,0.81,0.8
1979-05-01,-1.3900000000000001,0.16,1.3,-0.57,0.82
1979-06-01,4.66,1.17,1.45,0.82,0.81
1979-07-01,1.5899999999999999,1.26,1.75,-1.09,0.77
1979-08-01,6.300000000000001,2.09,-1.52,-0.23,0.77
1979-09-01,0.010000000000000009,-0.25,-0.87,5.34,0.83
1979-10-01,-7.2299999999999995,-3.35,-1.81,2.12,0.87
1979-11-01,6.2,2.76,-3.38,7.96,0.99
1979-12-01,2.74,4.19,-2.04,4.78,0.95
1980-01-01,6.31,1.65,1.72,7.51,0.8
1980-02-01,-0.32999999999999996,-1.83,0.66,7.88,0.89
1980-03-01,-11.690000000000001,-6.65,-1.02,-9.59,1.21
1980-04-01,5.23,0.96,1.01,-0.42,1.26
1980-05-01,6.07,2.16,0.38,-1.11,0.81
1980-06-01,3.67,1.66,-0.85,1.59,0.61
1980-07-01,7.0200000000000005,4.25,-6.29,0.37,0.53
1980-08-01,2.44,3.91,-2.64,3.19,0.64
1980-09-01,2.94,0.87,-4.77,5.44,0.75
1980-10-01,2.01,2.48,-2.77,7.32,0.95
1980-11-01,10.55,-3.46,-8.36,15.24,0.96
1980-12-01,-3.2099999999999995,-0.27,2.73,-6.65,1.31
1981-01-01,-4.0,3.01,6.83,-7.94,1.04
1981-02-01,1.6400000000000001,-0.32,1.0,-1.39,1.07
1981-03-01,4.77,3.58,0.69,0.73,1.21
1981-04-01,-1.0299999999999998,4.42,2.29,-0.95,1.08
1981-05-01,1.26,2.0,-0.47,3.75,1.15
1981-06-01,-1.0099999999999998,-0.83,5.1,-5.9,1.35
1981-07-01,-0.30000000000000004,-2.18,-0.68,-2.52,1.24
1981-08-01,-5.76,-1.96,4.84,-1.12,1.28
1981-09-01,-5.93,-2.66,5.2,1.97,1.24
1981-10-01,6.13,2.14,-4.22,4.07,1.21
1981-11-01,4.43,-0.97,1.89,-0.26,1.07
1981-12-01,-2.78,1.17,0.75,1.32,0.87
1982-01-01,-2.4400000000000004,-1.29,3.19,1.73,0.8
1982-02-01,-4.94,0.48,6.1,5.0,0.92
1982-03-01,-0.8900000000000001,-0.2,3.79,2.93,0.98
1982-04-01,4.4,1.51,-2.77,-0.41,1.13
1982-05-01,-2.93,0.47,1.8,2.55,1.06
1982-06-01,-2.13,-0.4,1.54,5.0,0.96
1982-07-01,-2.1399999999999997,0.82,0.12,4.47,1.05
1982-08-01,11.9,-4.09,1.0,-3.52,0.76
1982-09-01,1.8,2.89,0.33,4.17,0.51
1982-10-01,11.89,2.35,-3.73,0.03,0.59
1982-11-01,5.3,4.77,-1.89,5.89,0.63
1982-12-01,1.2200000000000002,-0.19,-0.03,0.02,0.67
1983-01-01,4.29,2.7,-0.81,-1.7,0.69
1983-02-01,3.21,3.24,0.7,3.83,0.62
1983-03-01,3.4499999999999997,1.76,2.05,0.93,0.63
1983-04-01,7.38,0.52,0.56,1.8,0.71
1983-05-01,1.21,6.15,-1.42,-1.59,0.69
1983-06-01,3.7399999999999998,0.89,-3.93,1.78,0.67
1983-07-01,-3.33,1.46,5.61,-3.13,0.74
1983-08-01,0.26,-4.3,5.56,-5.44,0.76
1983-09-01,1.67,0.56,1.08,-0.1,0.76
1983-10-01,-2.6799999999999997,-3.6,5.07,-4.56,0.76
1983-11-01,2.8600000000000003,2.03,-0.64,-0.09,0.7
1983-12-01,-1.05,-0.29,1.68,0.74,0.73
1984-01-01,-1.16,-0.43,7.62,-2.49,0.76
1984-02-01,-4.11,-1.71,3.36,0.19,0.71
1984-03-01,1.3599999999999999,0.08,0.51,1.09,0.73
1984-04-01,0.30000000000000004,-1.21,1.27,2.05,0.81
1984-05-01,-5.1899999999999995,0.03,0.26,1.52,0.78
1984-06-01,2.5700000000000003,-0.32,-2.62,-0.7,0.75
1984-07-01,-1.9200000000000004,-2.22,0.48,2.93,0.82
1984-08-01,11.11,-0.27,-1.82,-5.69,0.83
1984-09-01,0.05999999999999994,0.2,5.32,3.67,0.86
1984-10-01,0.16000000000000003,-1.2,0.51,3.21,1.0
1984-11-01,-1.03,-0.63,4.08,1.7,0.73
1984-12-01,2.48,-0.6,-0.2,1.54,0.64
1985-01-01,8.64,3.29,-5.41,-6.9,0.65
1985-02-01,1.7999999999999998,0.76,-0.13,1.82,0.58
1985-03-01,-0.21999999999999997,-1.15,4.1,1.68,0.62
1985-04-01,-0.24,0.14,3.72,3.06,0.72
1985-05-01,5.75,-2.25,-0.92,4.0,0.66
1985-06-01,1.82,0.5,0.5,3.63,0.55
1985-07-01,-0.12,2.84,-1.68,-3.94,0.62
1985-08-01,-0.47,-0.33,2.32,1.82,0.55
1985-09-01,-3.94,-1.59,1.31,1.48,0.6
1985-10-01,4.67,-1.57,0.78,4.88,0.65
1985-11-01,7.090000000000001,0.22,-2.88,-0.4,0.61
1985-12-01,4.53,-0.49,-1.52,-0.13,0.65
1986-01-01,1.21,1.22,0.52,2.96,0.56
1986-02-01,7.66,-0.62,-0.85,2.78,0.53
1986-03-01,5.4799999999999995,-0.52,-0.44,2.45,0.6
1986-04-01,-0.79,2.85,-2.86,-0.5,0.52
1986-05-01,5.11,-1.32,-0.14,2.02,0.49
1986-06-01,1.55,-0.93,1.36,5.16,0.52
1986-07-01,-5.93,-3.39,4.76,1.8,0.52
1986-08-01,6.53,-4.2,3.5,-5.01,0.46
1986-09-01,-8.15,2.26,3.16,-5.86,0.45
1986-10-01,5.12,-2.48,-1.37,2.69,0.46
1986-11-01,1.56,-1.92,-0.13,-0.32,0.39
1986-12-01,-2.7800000000000002,0.09,0.27,0.4,0.49
1987-01-01,12.89,-1.83,-3.26,2.1,0.42
1987-02-01,4.819999999999999,3.49,-5.97,-2.17,0.43
1987-03-01,2.11,0.39,1.62,1.6,0.47
1987-04-01,-1.67,-1.7,-0.34,0.26,0.44
1987-05-01,0.49,-0.53,0.22,-0.68,0.38
1987-06-01,4.42,-2.18,1.01,-0.2,0.48
1987-07-01,4.3100000000000005,-0.67,0.67,2.67,0.46
1987-08-01,3.99,-0.72,-0.92,-0.87,0.47
1987-09-01,-2.1399999999999997,0.52,0.27,0.71,0.45
1987-10-01,-22.639999999999997,-8.41,4.2,-7.86,0.6
1987-11-01,-7.42,2.78,3.13,-1.14,0.35
1987-12-01,7.199999999999999,0.13,-4.45,5.83,0.39
1988-01-01,4.5,-0.78,4.99,-7.58,0.29
1988-02-01,5.21,3.35,-1.62,-1.54,0.46
1988-03-01,-1.83,6.15,0.72,0.63,0.44
1988-04-01,1.02,0.96,1.7,2.25,0.46
1988-05-01,0.22000000000000003,-2.64,2.33,0.64,0.51
1988-06-01,5.28,2.17,-1.09,-2.91,0.49
1988-07-01,-0.74,-0.22,2.2,0.63,0.51
1988-08-01,-2.72,0.06,2.12,0.33,0.59
1988-09-01,3.92,-1.26,-0.68,0.23,0.62
1988-10-01,1.7599999999999998,-2.9,1.7,1.31,0.61
1988-11-01,-1.7200000000000002,-1.73,1.3,0.42,0.57
1988-12-01,2.12,1.94,-1.54,0.42,0.63
1989-01-01,6.6499999999999995,-2.14,0.49,-0.14,0.55
1989-02-01,-1.6400000000000001,2.77,0.9,0.94,0.61
1989-03-01,2.24,0.74,0.47,3.56,0.67
1989-04-01,5.0,-0.58,-1.42,1.69,0.67
1989-05-01,4.140000000000001,-0.05,-0.9,1.56,0.79
1989-06-01,-0.6400000000000001,-1.0,2.27,0.63,0.71
1989-07-01,7.9,-4.03,-2.79,5.41,0.7
1989-08-01,2.1799999999999997,0.51,0.63,-0.15,0.74
1989-09-01,-0.10999999999999999,0.25,-1.25,3.4,0.65
1989-10-01,-2.9899999999999998,-3.25,-1.07,1.36,0.68
1989-11-01,1.72,-1.27,-1.07,2.58,0.69
1989-12-01,1.77,-2.4,0.21,2.79,0.61
1990-01-01,-7.279999999999999,-1.26,0.78,-3.28,0.57
1990-02-01,1.6800000000000002,1.02,0.65,-0.53,0.57
1990-03-01,2.47,1.55,-3.03,1.64,0.64
1990-04-01,-2.67,-0.5,-2.47,2.43,0.69
1990-05-01,9.1,-2.56,-3.89,3.05,0.68
1990-06-01,-0.4600000000000001,1.42,-1.99,2.43,0.63
1990-07-01,-1.2199999999999998,-3.2,-0.11,5.94,0.68
1990-08-01,-9.49,-3.57,1.63,1.76,0.66
1990-09-01,-5.5200000000000005,-3.68,0.71,5.56,0.6
1990-10-01,-1.2399999999999998,-5.55,0.19,6.73,0.68
1990-11-01,6.92,0.36,-3.21,-5.62,0.57
1990-12-01,3.06,0.75,-1.72,0.02,0.6
1991-01-01,5.210000000000001,3.76,-1.74,-6.55,0.52
1991-02-01,7.67,3.96,-0.55,-4.75,0.48
1991-03-01,3.09,3.92,-1.32,2.76,0.44
1991-04-01,0.25,0.49,1.48,-2.4,0.53
1991-05-01,4.12,-0.35,-0.57,-0.09,0.47
1991-06-01,-4.5200000000000005,0.08,1.23,0.46,0.42
1991-07-01,4.73,-0.93,-1.25,4.34,0.49
1991-08-01,2.78,1.59,-0.83,1.63,0.46
1991-09-01,-1.1300000000000001,1.64,-0.98,1.73,0.46
1991-10-01,1.71,0.88,-0.47,3.22,0.42
1991-11-01,-3.8000000000000003,-0.48,-1.85,1.26,0.39
1991-12-01,11.22,-2.26,-4.11,8.3,0.38
1992-01-01,-0.24999999999999994,8.49,4.61,-2.51,0.34
1992-02-01,1.37,0.87,6.37,-0.58,0.28
1992-03-01,-2.3200000000000003,-1.04,3.61,-0.36,0.34
1992-04-01,1.3900000000000001,-6.12,4.27,-2.54,0.32
1992-05-01,0.5800000000000001,0.4,1.25,0.13,0.28
1992-06-01,-2.02,-3.1,3.36,-0.61,0.32
1992-07-01,4.08,-0.42,-0.37,1.44,0.31
1992-08-01,-2.12,-0.13,-1.06,-0.51,0.26
1992-09-01,1.45,0.58,-0.28,1.43,0.26
1992-10-01,1.25,2.03,-2.01,2.71,0.23
1992-11-01,4.36,3.69,-1.4,-0.34,0.23
1992-12-01,1.81,1.63,2.63,4.44,0.28
1993-01-01,1.1600000000000001,1.98,5.92,4.83,0.23
1993-02-01,0.33999999999999997,-3.47,6.41,3.1,0.22
1993-03-01,2.55,0.23,1.31,3.74,0.25
1993-04-01,-2.8099999999999996,-0.66,2.52,0.33,0.24
1993-05-01,3.1100000000000003,1.98,-3.45,0.3,0.22
1993-06-01,0.56,-0.32,2.72,4.57,0.25
1993-07-01,-0.10000000000000003,0.89,2.82,3.25,0.24
1993-08-01,3.96,0.15,0.13,2.58,0.25
1993-09-01,0.14,3.02,-0.25,3.41,0.26
1993-10-01,1.63,2.04,-2.72,-2.67,0.22
1993-11-01,-1.64,-1.22,-0.77,-4.71,0.25
1993-12-01,1.88,1.22,0.36,2.28,0.23
1994-01-01,3.12,0.4,1.13,0.02,0.25
1994-02-01,-2.34,2.8,-1.59,-0.29,0.21
1994-03-01,-4.51,-1.14,1.63,-1.33,0.27
1994-04-01,0.9500000000000001,-0.98,1.66,0.41,0.27
1994-05-01,0.8899999999999999,-2.13,0.66,-2.15,0.31
1994-06-01,-2.7199999999999998,-0.42,1.72,-0.82,0.31
1994-07-01,3.0999999999999996,-1.8,0.56,0.19,0.28
1994-08-01,4.38,1.42,-2.47,1.56,0.37
1994-09-01,-1.94,3.12,-1.87,1.33,0.37
1994-10-01,1.7200000000000002,-2.23,-1.66,1.43,0.38
1994-11-01,-3.67,0.26,-0.69,-0.2,0.37
1994-12-01,1.3,0.3,-0.2,3.5,0.44
1995-01-01,2.22,-3.53,2.54,-1.82,0.42
1995-02-01,4.03,-0.64,1.12,-0.36,0.4
1995-03-01,2.65,-0.17,-2.15,0.38,0.46
1995-04-01,2.55,-0.53,1.71,1.8,0.44
1995-05-01,3.44,-2.55,2.23,-0.44,0.54
1995-06-01,3.1900000000000004,3.14,-2.5,2.9,0.47
1995-07-01,4.17,2.08,-1.63,2.53,0.45
1995-08-01,1.02,1.36,2.84,0.09,0.47
1995-09-01,3.7800000000000002,-2.29,0.02,2.71,0.43
1995-10-01,-1.05,-3.82,-0.46,4.11,0.47
1995-11-01,4.38,-1.2,0.61,-0.65,0.42
1995-12-01,1.52,0.64,0.33,2.54,0.49
1996-01-01,2.69,-2.63,0.22,0.57,0.43
1996-02-01,1.7200000000000002,1.81,-1.16,0.57,0.39
1996-03-01,1.12,1.52,0.31,-1.88,0.39
1996-04-01,2.52,5.24,-4.08,-0.91,0.46
1996-05-01,2.78,3.08,-0.8,1.55,0.42
1996-06-01,-0.7399999999999999,-3.91,2.26,1.01,0.4
1996-07-01,-5.52,-4.31,5.16,-0.11,0.45
1996-08-01,3.18,2.44,-0.78,-0.05,0.41
1996-09-01,5.45,-0.95,-2.76,2.7,0.44
1996-10-01,1.28,-4.45,4.92,3.91,0.42
1996-11-01,6.66,-4.07,1.46,-2.23,0.41
1996-12-01,-1.24,3.08,1.33,0.61,0.46
1997-01-01,5.430000000000001,-1.93,-1.43,1.95,0.45
1997-02-01,-0.09999999999999998,-3.29,5.7,-2.05,0.39
1997-03-01,-4.59,-0.44,3.43,0.96,0.43
1997-04-01,4.47,-5.74,0.09,4.92,0.43
1997-05-01,7.23,5.16,-4.08,-5.16,0.49
1997-06-01,4.47,1.19,1.62,2.62,0.37
1997-07-01,7.76,-2.7,0.2,3.81,0.43
1997-08-01,-3.74,7.33,1.12,-2.55,0.41
1997-09-01,5.79,2.56,0.29,1.45,0.44
1997-10-01,-3.38,-0.8,2.33,-0.38,0.42
1997-11-01,3.37,-5.11,1.24,0.29,0.39
1997-12-01,1.8,-2.66,4.03,3.95,0.48
1998-01-01,0.58,-1.02,-1.65,0.11,0.43
1998-02-01,7.43,0.26,-0.78,-1.15,0.39
1998-03-01,5.1499999999999995,-1.21,1.54,2.15,0.39
1998-04-01,1.16,0.03,0.89,0.78,0.43
1998-05-01,-2.67,-3.4,3.43,1.88,0.4
1998-06-01,3.5900000000000003,-3.32,-1.8,7.26,0.41
1998-07-01,-2.06,-4.94,-1.71,3.68,0.4
1998-08-01,-15.649999999999999,-5.68,3.56,1.88,0.43
1998-09-01,6.61,0.06,-3.42,-0.71,0.46
1998-10-01,7.45,-3.11,-2.21,-5.36,0.32
1998-11-01,6.409999999999999,1.21,-3.16,1.16,0.31
1998-12-01,6.54,-0.54,-4.2,8.99,0.38
1999-01-01,3.85,0.81,-4.66,3.04,0.35
1999-02-01,-3.73,-6.08,1.91,-0.16,0.35
1999-03-01,3.8800000000000003,-3.76,-2.77,-1.29,0.43
1999-04-01,4.7,3.98,2.34,-9.06,0.37
1999-05-01,-2.12,3.33,2.36,-5.28,0.34
1999-06-01,5.17,3.15,-3.4,4.88,0.4
1999-07-01,-3.1100000000000003,2.55,-0.48,1.51,0.38
1999-08-01,-0.9899999999999999,-1.0,-1.72,2.92,0.39
1999-09-01,-2.4,3.36,-3.42,6.46,0.39
1999-10-01,6.51,-6.75,-3.16,5.47,0.39
1999-11-01,3.73,7.17,-6.07,5.62,0.36
1999-12-01,8.16,7.07,-8.4,13.19,0.44
2000-01-01,-4.33,5.7,-1.75,1.86,0.41
2000-02-01,2.8800000000000003,21.19,-8.94,18.36,0.43
2000-03-01,5.67,-16.82,7.66,-6.39,0.47
2000-04-01,-5.94,-6.93,7.41,-8.57,0.46
2000-05-01,-3.92,-6.33,5.01,-9.08,0.5
2000-06-01,5.04,12.8,-8.22,16.59,0.4
2000-07-01,-2.03,-3.16,8.4,-0.11,0.48
2000-08-01,7.53,-0.65,-1.47,5.7,0.5
2000-09-01,-4.94,-1.89,7.28,2.2,0.51
2000-10-01,-2.1999999999999997,-3.87,5.71,-4.63,0.56
2000-11-01,-10.21,-3.5,12.53,-2.4,0.51
2000-12-01,1.69,0.73,7.67,6.7,0.5
2001-01-01,3.67,6.76,-5.33,-25.05,0.54
2001-02-01,-9.67,-0.82,12.58,12.51,0.38
2001-03-01,-6.84,0.17,6.52,8.35,0.42
2001-04-01,8.33,0.61,-4.8,-7.97,0.39
2001-05-01,1.04,2.53,3.34,2.12,0.32
2001-06-01,-1.66,6.25,-1.16,0.34,0.28
2001-07-01,-1.8299999999999998,-4.23,5.35,5.47,0.3
2001-08-01,-6.15,2.48,2.33,5.54,0.31
2001-09-01,-8.97,-6.25,1.57,11.54,0.28
2001-10-01,2.68,7.57,-7.66,-8.41,0.22
2001-11-01,7.71,-0.48,2.16,-8.58,0.17
2001-12-01,1.76,4.79,0.9,-0.02,0.15
2002-01-01,-1.2999999999999998,1.18,3.38,3.68,0.14
2002-02-01,-2.16,-1.07,2.21,6.77,0.13
2002-03-01,4.37,4.14,1.08,-1.67,0.13
2002-04-01,-5.05,5.84,3.96,7.95,0.15
2002-05-01,-1.2399999999999998,-3.26,1.57,2.97,0.14
2002-06-01,-7.08,4.2,0.04,6.15,0.13
2002-07-01,-8.03,-5.22,-3.71,3.34,0.15
2002-08-01,0.64,-2.94,3.23,1.76,0.14
2002-09-01,-10.209999999999999,2.39,1.49,9.09,0.14
2002-10-01,7.9799999999999995,-3.44,-4.07,-5.31,0.14
2002-11-01,6.08,3.23,-1.51,-16.19,0.12
2002-12-01,-5.6499999999999995,-0.01,2.28,9.64,0.11
2003-01-01,-2.4699999999999998,1.28,-0.86,1.6,0.1
2003-02-01,-1.7899999999999998,-0.46,-1.33,1.25,0.09
2003-03-01,1.1900000000000002,0.93,-2.15,1.6,0.1
2003-04-01,8.32,0.64,0.89,-9.49,0.1
2003-05-01,6.14,4.49,0.11,-10.85,0.09
2003-06-01,1.52,1.75,0.39,-1.09,0.1
2003-07-01,2.42,5.23,-1.08,-0.31,0.07
2003-08-01,2.4099999999999997,2.7,1.61,-0.55,0.07
2003-09-01,-1.16,0.71,0.05,-0.19,0.08
2003-10-01,6.15,2.64,1.92,3.73,0.07
2003-11-01,1.4200000000000002,1.99,1.8,1.63,0.07
2003-12-01,4.37,-2.76,1.58,-5.69,0.08
2004-01-01,2.2199999999999998,2.53,2.45,2.59,0.07
2004-02-01,1.46,-1.56,0.86,-1.07,0.06
2004-03-01,-1.23,1.75,0.24,0.22,0.09
2004-04-01,-1.75,-1.73,-3.07,-5.37,0.08
2004-05-01,1.23,-0.24,-0.29,1.59,0.06
2004-06-01,1.9400000000000002,2.28,1.23,2.09,0.08
2004-07-01,-3.9599999999999995,-3.85,3.28,-2.28,0.1
2004-08-01,0.19,-1.56,0.96,-1.58,0.11
2004-09-01,1.7100000000000002,3.01,-0.07,5.25,0.11
2004-10-01,1.54,0.13,-0.29,-1.52,0.11
2004-11-01,4.69,3.72,1.43,3.23,0.15
2004-12-01,3.5900000000000003,-0.07,-0.18,-2.83,0.16
2005-01-01,-2.5999999999999996,-1.72,2.01,3.19,0.16
2005-02-01,2.05,-0.55,1.63,3.18,0.16
2005-03-01,-1.76,-1.35,2.14,0.55,0.21
2005-04-01,-2.4,-3.97,0.05,-0.85,0.21
2005-05-01,3.8899999999999997,2.8,-0.66,0.43,0.24
2005-06-01,0.7999999999999999,2.55,2.82,2.06,0.23
2005-07-01,4.16,2.87,-0.83,-0.03,0.24
2005-08-01,-0.9199999999999999,-0.98,1.38,2.27,0.3
2005-09-01,0.78,-0.66,0.74,3.45,0.29
2005-10-01,-1.75,-1.19,0.45,-1.3,0.27
2005-11-01,3.92,0.97,-1.16,0.27,0.31
2005-12-01,0.07,-0.46,0.24,0.76,0.32
2006-01-01,3.39,5.4,0.99,2.68,0.35
2006-02-01,0.040000000000000036,-0.37,-0.26,-1.84,0.34
2006-03-01,1.83,3.49,0.68,1.26,0.37
2006-04-01,1.0899999999999999,-1.41,2.37,0.61,0.36
2006-05-01,-3.1399999999999997,-3.09,2.45,-3.65,0.43
2006-06-01,0.050000000000000044,-0.36,0.92,1.47,0.4
2006-07-01,-0.38,-3.99,2.67,-2.22,0.4
2006-08-01,2.4499999999999997,1.02,-1.98,-3.46,0.42
2006-09-01,2.25,-1.29,-0.04,-0.95,0.41
2006-10-01,3.64,1.72,-0.3,-0.24,0.41
2006-11-01,2.13,0.78,0.07,-1.01,0.42
2006-12-01,1.27,-1.14,2.72,0.84,0.4
2007-01-01,1.8399999999999999,0.16,-0.69,0.18,0.44
2007-02-01,-1.58,1.29,-0.17,-1.36,0.38
2007-03-01,1.11,0.08,-0.83,2.5,0.43
2007-04-01,3.93,-2.18,-1.38,-0.15,0.44
2007-05-01,3.6500000000000004,0.27,-0.63,-0.27,0.41
2007-06-01,-1.56,0.78,-1.1,0.39,0.4
2007-07-01,-3.33,-2.45,-3.55,2.81,0.4
2007-08-01,1.34,-0.17,-1.91,0.1,0.42
2007-09-01,3.54,-2.22,-2.21,4.57,0.32
2007-10-01,2.12,0.25,-2.91,4.88,0.32
2007-11-01,-4.49,-2.8,-1.0,0.9,0.34
2007-12-01,-0.6,0.14,-0.59,6.54,0.27
2008-01-01,-6.15,-0.89,3.67,-7.88,0.21
2008-02-01,-2.96,-0.27,-0.88,6.11,0.13
2008-03-01,-0.76,0.79,0.14,4.1,0.17
2008-04-01,4.779999999999999,-1.59,-0.96,-0.33,0.18
2008-05-01,2.04,3.05,-1.45,3.21,0.18
2008-06-01,-8.27,1.22,-2.77,12.54,0.17
2008-07-01,-0.62,2.47,5.27,-5.13,0.15
2008-08-01,1.6600000000000001,3.54,1.45,-4.03,0.13
2008-09-01,-9.09,-1.18,6.07,0.36,0.15
2008-10-01,-17.150000000000002,-2.52,-2.37,7.79,0.08
2008-11-01,-7.83,-2.82,-6.31,7.17,0.03
2008-12-01,1.74,3.51,0.14,-5.07,0.0
2009-01-01,-8.12,0.33,-11.12,-1.82,0.0
2009-02-01,-10.09,0.23,-7.03,4.03,0.01
2009-03-01,8.969999999999999,0.0,3.4,-11.61,0.02
2009-04-01,10.19,5.14,5.21,-34.39,0.01
2009-05-01,5.21,-2.63,0.49,-12.47,0.0
2009-06-01,0.44,2.63,-2.62,5.3,0.01
2009-07-01,7.7299999999999995,1.9,4.87,-5.37,0.01
2009-08-01,3.34,-1.1,7.5,-8.82,0.01
2009-09-01,4.09,2.41,0.89,-4.95,0.01
2009-10-01,-2.59,-4.18,-4.03,2.66,0.0
2009-11-01,5.56,-2.48,-0.25,0.33,0.0
2009-12-01,2.76,6.13,-0.11,2.91,0.01
2010-01-01,-3.36,0.37,0.33,-5.36,0.0
2010-02-01,3.4,1.19,3.19,3.63,0.0
2010-03-01,6.319999999999999,1.44,2.11,3.71,0.01
2010-04-01,2.01,4.86,2.91,3.21,0.01
2010-05-01,-7.88,0.14,-2.39,-0.17,0.01
2010-06-01,-5.5600000000000005,-1.84,-4.52,-2.99,0.01
2010-07-01,6.9399999999999995,0.18,-0.36,1.9,0.01
2010-08-01,-4.76,-3.02,-1.9,-0.18,0.01
2010-09-01,9.549999999999999,3.93,-3.23,1.35,0.01
2010-10-01,3.8899999999999997,1.07,-2.46,1.66,0.01
2010-11-01,0.61,3.78,-0.95,2.54,0.01
2010-12-01,6.83,0.68,3.64,-3.18,0.01
2011-01-01,2.0,-2.52,0.82,-0.29,0.01
2011-02-01,3.5,1.53,1.29,2.08,0.01
2011-03-01,0.47000000000000003,2.58,-1.76,3.52,0.01
2011-04-01,2.9,-0.37,-2.43,0.06,0.0
2011-05-01,-1.27,-0.58,-2.05,-0.57,0.0
2011-06-01,-1.75,-0.11,-0.42,1.77,0.0
2011-07-01,-2.35,-1.37,-0.88,-0.01,0.0
2011-08-01,-5.98,-3.03,-2.56,-0.34,0.01
2011-09-01,-7.59,-3.35,-1.71,-2.52,0.0
2011-10-01,11.35,3.32,0.13,-1.44,0.0
2011-11-01,-0.28,-0.14,-0.48,4.01,0.0
2011-12-01,0.74,-0.66,1.68,1.98,0.0
2012-01-01,5.05,2.1,-0.9,-7.94,0.0
2012-02-01,4.42,-1.84,0.46,-0.28,0.0
2012-03-01,3.11,-0.68,1.21,1.51,0.0
2012-04-01,-0.85,-0.39,-0.77,3.83,0.0
2012-05-01,-6.180000000000001,0.16,-1.04,6.63,0.01
2012-06-01,3.89,0.78,0.58,-0.76,0.0
2012-07-01,0.79,-2.62,-0.05,3.1,0.0
2012-08-01,2.5599999999999996,0.47,1.12,-2.47,0.01
2012-09-01,2.7399999999999998,0.49,1.56,-1.06,0.01
2012-10-01,-1.75,-1.09,3.61,0.08,0.01
2012-11-01,0.79,0.53,-0.83,0.4,0.01
2012-12-01,1.19,1.45,3.53,-2.95,0.01
2013-01-01,5.57,0.36,0.98,-1.9,0.0
2013-02-01,1.29,-0.42,0.13,1.31,0.0
2013-03-01,4.03,0.75,-0.23,1.96,0.0
2013-04-01,1.55,-2.4,0.53,0.27,0.0
2013-05-01,2.8,1.66,2.61,-1.74,0.0
2013-06-01,-1.2,1.16,-0.09,0.58,0.0
2013-07-01,5.65,1.86,0.56,1.78,0.0
2013-08-01,-2.71,0.29,-2.66,0.02,0.0
2013-09-01,3.77,2.89,-1.15,2.96,0.0
2013-10-01,4.18,-1.53,1.21,0.17,0.0
2013-11-01,3.13,1.19,0.29,0.44,0.0
2013-12-01,2.81,-0.59,-0.05,0.07,0.0
2014-01-01,-3.32,0.87,-2.02,1.74,0.0
2014-02-01,4.65,0.31,-0.36,2.05,0.0
2014-03-01,0.43,-1.85,4.9,-3.38,0.0
2014-04-01,-0.19,-4.21,1.12,-3.77,0.0
2014-05-01,2.06,-1.9,-0.12,1.21,0.0
2014-06-01,2.61,3.08,-0.67,0.74,0.0
2014-07-01,-2.04,-4.27,0.02,-0.24,0.0
2014-08-01,4.24,0.36,-0.42,0.79,0.0
2014-09-01,-1.97,-3.73,-1.38,0.44,0.0
2014-10-01,2.52,4.28,-1.8,-0.04,0.0
2014-11-01,2.55,-2.04,-3.07,1.06,0.0
2014-12-01,-0.06,2.48,2.23,1.09,0.0
2015-01-01,-3.11,-0.51,-3.56,3.81,0.0
2015-02-01,6.14,0.52,-1.81,-2.83,0.0
2015-03-01,-1.12,3.02,-0.41,3.0,0.0
2015-04-01,0.59,-3.04,1.88,-7.32,0.0
2015-05-01,1.36,0.89,-1.1,6.03,0.0
2015-06-01,-1.53,2.85,-0.74,3.07,0.0
2015-07-01,1.54,-4.09,-4.21,10.29,0.0
2015-08-01,-6.04,0.44,2.73,-2.09,0.0
2015-09-01,-3.07,-2.61,0.39,5.35,0.0
2015-10-01,7.75,-1.98,-0.25,-4.03,0.0
2015-11-01,0.56,3.68,-0.49,2.21,0.0
2015-12-01,-2.16,-2.86,-2.45,3.41,0.01
2016-01-01,-5.76,-3.36,2.01,1.34,0.01
2016-02-01,-0.06,0.83,-0.6,-4.06,0.02
2016-03-01,6.9799999999999995,0.82,1.11,-5.13,0.02
2016-04-01,0.93,0.69,3.28,-6.26,0.01
2016-05-01,1.79,-0.27,-1.6,2.14,0.01
2016-06-01,-0.030000000000000002,0.64,-1.4,4.11,0.02
2016-07-01,3.97,2.6,-1.23,-3.08,0.02
2016-08-01,0.52,1.13,3.31,-3.17,0.02
2016-09-01,0.27,2.04,-1.21,-0.53,0.02
2016-10-01,-2.0,-4.43,4.07,0.69,0.02
2016-11-01,4.87,5.47,8.22,-4.07,0.01
2016-12-01,1.84,0.11,3.51,-0.38,0.03
2017-01-01,1.98,-1.06,-2.81,-0.98,0.04
2017-02-01,3.61,-2.01,-1.79,-1.63,0.04
2017-03-01,0.2,1.17,-3.33,-0.92,0.03
2017-04-01,1.1400000000000001,0.72,-2.11,0.44,0.05
2017-05-01,1.12,-2.61,-3.67,1.46,0.06
2017-06-01,0.8400000000000001,2.15,1.45,-0.32,0.06
2017-07-01,1.9400000000000002,-1.47,-0.36,1.66,0.07
2017-08-01,0.25,-1.62,-2.19,3.55,0.09
2017-09-01,2.5999999999999996,4.47,3.14,-1.18,0.09
2017-10-01,2.34,-1.95,0.12,4.3,0.09
2017-11-01,3.2,-0.58,-0.09,-0.71,0.08
2017-12-01,1.1500000000000001,-1.29,0.17,-1.63,0.09
2018-01-01,5.69,-3.09,-1.32,3.94,0.11
2018-02-01,-3.54,0.3,-1.01,3.97,0.11
2018-03-01,-2.23,4.05,-0.12,-1.28,0.12
2018-04-01,0.43,1.13,0.5,0.27,0.14
2018-05-01,2.79,5.28,-3.15,3.8,0.14
2018-06-01,0.62,1.19,-2.31,-2.38,0.14
2018-07-01,3.35,-2.21,0.57,-1.67,0.16
2018-08-01,3.6,1.15,-3.92,5.22,0.16
2018-09-01,0.21,-2.28,-1.63,-0.06,0.15
2018-10-01,-7.489999999999999,-4.78,3.46,-1.84,0.19
2018-11-01,1.8699999999999999,-0.71,0.34,-1.33,0.18
2018-12-01,-9.360000000000001,-2.48,-1.89,1.85,0.19
2019-01-01,8.620000000000001,2.89,-0.46,-8.65,0.21
2019-02-01,3.58,2.12,-2.71,0.86,0.18
2019-03-01,1.29,-3.05,-4.19,2.14,0.19
2019-04-01,4.17,-1.75,2.02,-2.55,0.21
2019-05-01,-6.73,-1.18,-2.28,7.6,0.21
2019-06-01,7.109999999999999,0.22,-0.79,-2.14,0.18
2019-07-01,1.38,-2.08,0.34,2.72,0.19
2019-08-01,-2.42,-2.4,-4.85,7.64,0.16
2019-09-01,1.6099999999999999,-1.05,6.77,-6.85,0.18
2019-10-01,2.21,0.24,-1.88,0.29,0.15
2019-11-01,3.99,0.91,-2.05,-2.6,0.12
2019-12-01,2.91,0.67,1.91,-2.27,0.14
2020-01-01,0.020000000000000004,-3.08,-6.27,5.43,0.13
2020-02-01,-8.010000000000002,1.02,-3.92,-0.23,0.12
2020-03-01,-13.260000000000002,-5.03,-13.96,8.55,0.12
2020-04-01,13.65,2.75,-1.39,-5.49,0.0
2020-05-01,5.59,2.49,-5.05,0.67,0.01
2020-06-01,2.4699999999999998,2.71,-2.35,-0.75,0.01
2020-07-01,5.779999999999999,-2.18,-1.39,7.61,0.01
2020-08-01,7.64,-0.25,-2.94,0.51,0.01
2020-09-01,-3.62,0.06,-2.51,3.05,0.01
2020-10-01,-2.0900000000000003,4.44,4.03,-3.03,0.01
2020-11-01,12.48,5.48,2.11,-12.25,0.01
2020-12-01,4.64,4.81,-1.36,-2.42,0.01
